"id","asset_basic_failure_id","questions","answers","created_at","updated_at","created_by","updated_by","active","project_id"
"119","36","Plant or Unit SD ?","dfadasd","2016-01-26 16:49:35","2016-01-26 16:49:35","","","1","27"
"120","36","Damage Cost (Bath)","asdasda","2016-01-26 16:49:35","2016-01-26 16:49:35","","","1","27"
"121","36","Spare part problem","sdasdasd","2016-01-26 16:49:35","2016-01-26 16:49:35","","","1","27"
"122","36","Maintenance Time","cxvsfdsfsdf","2016-01-26 16:49:35","2016-01-26 16:49:35","","","1","27"
"123","36","Unit Preparation and Start up time","dfgdfgdfg","2016-01-26 16:49:35","2016-01-26 16:49:35","","","1","27"
"124","36","Total Economic loss (Bath)","dfgsdgdfg","2016-01-26 16:49:35","2016-01-26 16:49:35","","","1","27"
"125","36","Existing Detection method","sdfsdgfdgfg","2016-01-26 16:49:35","2016-01-26 16:49:35","","","1","27"
"126","36","None","ghfghfghfgh","2016-01-26 16:49:35","2016-01-26 16:49:35","","","1","27"
