"id","description"
"1","Compressor"
"2","Pump"
"3","Diaphagm"
"4","Nozzle"
"5","Casing Drain (Gate Valve)"
"6","Seal (Labyrinth, Gland Packing, Carbon Ring)"
"7","Blade and Shroud"
"8","Shaft"
"9","Thrust and Radial Bearing"
"10","Condenser"
"11","Tube (In case of shell and tube type only)"
"12","Stream Ejector"
"13","Trip Throttle Valve"
"14","Governer Valve"
"15","Start Energy (Support)"
"16","Starting Unit"
"17","Air Inlet"
"18","Compressor Rotor"
"19","Compressor Stator"
"20","Combustion Chamber"
"21","Burners (Include Fuel Nozzle)"
"22","Fuel Filter"
"23","HP Turbine"
"24","Thrust Bearing"
"25","Radial Bearing"
"26","Seals (Labyrinth, Honeycomb)"
"27","Fuel Valves (Control Valve)"
"28","Compressor Casing"
"29","High Pressure Turbine Casing"
"30","Rotor"
"31","Stator"
"32","Seals (Honeycomb)"
"33","Exhaust"
"34","Key"
"35","Bearing"
"36","Blade"
"37","Plenum"
"38","Tube"
"39","TC (Thermocouple)"
"40","RTD"
"41","DP (Difference Pressure)"
"42","Float"
"43","Displacesor"
"44","Ultrasonic"
"45","Radar"
"46","Nuclear"
"47","Magnetic"
"48","Gauge"
"49","Absolute"
"50","Vacuum"
"51","Coriolis"
"52","Pilot Tube"
"53","PD Meter"
"54","Vortex"
"55","Turbine"
"56","Proximity"
"57","Displacement"
"58","Velocity"
"59","Acceleration"
"60","Piezoelectric"
"61","Bi-Metal"
"62","Tuning Fork"
"63","Capacitance"
"64","Absolute Pressure"
"65","Gauge Pressure"
"66","Rota"
"67","Mechanic"
"68","Dry Contact"
"69","Programmable Logic Controller (PLC)"
"70","Distributed Control Unit (DCS)"
"71","Relay"
"72","Solid State"
"73","Ball Valves"
"74","Butterfly Valves"
"75","Globe Valve"
"76","Angle Valve"
"77","Diaphragm Valve"
"78","Plug Valve"
"79","Gate Valve"
"80","Pressure-Reducing Regulators (PCV)"
"81","Back-Pressure Regulators (TCV)"
"82","Differential-Pressure Regulators (TDCV)"
"83","Excitation"
"84","Commutator"
"85","Brush"
"86","Terminal Box (Termination and Connection)"
"87","Coil"
"88","Core"
"89","Tap Changer (On, Off Load)"
"90","Transformer and Tap Changer Oil"
"91","Insulation"
"92","Bushing"
"93","Silica Gel"
"94","Rubber Back"
"95","Tank and Radiator"
"96","Reservoir Tank"
"97","Cooling Systems"
"98","Terminal Box (Power)"
"99","Terminal Box (Control)"
"100","Surge Arrester"
"101","Fuse"
"102","Disconnecting Switch"
"103","Circuit Breaker"
"104","Magnetic Contactor"
"105","Overload Relay (Thermal)"
"106","Overload Relay (Electronic)"
"107","Smart Relay"
"108","Protective Relay"
"109","Current Transformer"
"110","Earth Switch"
"111","Potential Transformer"
"112","Busbar"
"113","Control Compartment"
"114","Space Heater"
"115","Battery Breaker"
"116","Battery Bank"
"117","Cable"
"118","Connection / Socket"
"119","Bypass Switch"
"120","Bypass Transformer"
"121","Static Switch"
"122","Inverter"
"123","Fused Switch"
"124","Rectifier"
"125","Rectifier Transformer"
"126","Capacitor"
"127","Terminal Box"
"128","AVR Control"
