"id","description"
"1","Centrifugal Compressor"
"2","Reciprocating Compressor"
"3","Screw Compressor"
"4","Centrifugal Pump"
"5","Reciprocating Pump"
"6","Screw Pump"
"7","Gear Pump"
"8","Stream Turbine"
"9","Gas Turbine"
"10","Fin - Fan"
"11","Temperature Transmitter"
"12","Level Transmitter"
"13","Pressure Transmitter"
"14","Flow Transmitter"
"15","Speed Transmitter"
"16","Vibration Transmitter"
"17","Weight Transmitter"
"18","Temperature Element"
"19","Weight Element"
"20","Temperature Switch"
"21","Level Switch"
"22","Pressure Switch"
"23","Flow Switch"
"24","Vibration Switch"
"25","Limit Switch"
"26","Push Button Switch"
"27","Control Logic"
"28","Control Valve"
"29","Electric Motor"
"30","Power Transformer"
"31","Low Volts Switch Gear"
"32","Medium Volts Switch Gear"
"33","UPS"
"34","VSD"
"35","Generator"
